Hackathon,Team
Block Magic,AlphaDAO
Block Magic,Ceptor Game Mechanics
Block Magic,DeFi Builder
Block Magic,dOptions
Block Magic,greze
Block Magic,Lynk Swap
Block Magic,ObotRevampChain
Block Magic,Ringle
Block Magic,WiseBets
Circuit Breaker,priv.cast
Circuit Breaker,Shadow Warfare
Circuit Breaker,Unknown Finance
Circuit Breaker,Urban Odyssey
ETH Global Brussels,All my ðŸ¦„ read on L1
ETH Global Brussels,Dry
ETH Global Brussels,Notar Exchange
ETH Global Brussels,toadnado
ETH Global Brussels,zkWhistleBlower
ETH HK 2023,Apus Network
ETH HK 2023,CPA Protocol
ETH HK 2023,CPT
ETH HK 2023,DVD
ETH HK 2023,GasLockR
ETH HK 2023,Gotham3
ETH HK 2023,Lazyotter core
ETH HK 2023,Magiry.ai
ETH HK 2023,Momentum Lab
ETH HK 2023,NonceGeekDAO
ETH HK 2023,RingSig
ETH HK 2023,SonarX
ETH HK 2023,VeriMint
ETH HK 2023,Want3
ETH KL,AI Guardian - Safeguarding OnChain
ETH KL,BlockCash
ETH KL,Guardian of galaxETHs
ETH KL,Pay2Reach
ETH KL,Stake & Run
ETH KL,Swip3
ETH Latam 2024,AgroInova
ETH Latam 2024,BlockDrive's
ETH Latam 2024,ChainCredID
ETH Latam 2024,CryptoBarcode
ETH Latam 2024,EduChain
ETH Latam 2024,SoÃ±ar
ETH Latam 2024,stark-pay
ETH Samba 2024,AndiLend
ETH Samba 2024,Carrots
ETH Samba 2024,DeVolt
ETH Samba 2024,FairOverlord
ETH Samba 2024,"SALVO - Sistema de Acompanhamento, Listagem e VerificaÃ§Ã£o de Ã“rgÃ£os"
ETH Tokyo,ADSR
ETH Tokyo,FlappyQF
ETH Tokyo,GigBlocks
ETH Tokyo,ZK Hunter
ETHBarcelona 2023,0xNoel
ETHBarcelona 2023,Builderpunk
ETHBarcelona 2023,Somnio
ETHBogotÃ¡,Perpetual Motion Protocol
ETHBogotÃ¡,zmorph
ETHDam 2023,Another ZK Project - ZKPay
ETHDam 2023,electora
ETHDam 2023,Multi-Token transparent vesting
ETHDam 2023,StealthSend
ETHDenver 2023,0xFable
ETHDenver 2023,Abrey
ETHDenver 2023,AI Coliseum: NPC Wars
ETHDenver 2023,Composooor
ETHDenver 2023,Dynamic Stableswap
ETHDenver 2023,Facade
ETHDenver 2023,Hunter Z Hunter
ETHDenver 2023,L's with Frens
ETHDenver 2023,Mercury Protocol
ETHDenver 2023,My MÃ¼l
ETHDenver 2023,Peanut Protocol
ETHDenver 2023,rhinestone
ETHDenver 2023,RNGesus
ETHDenver 2023,swosh.cash
Ethereum Argentina - Level Up,Builder
Ethereum Argentina - Level Up,ChatterPay
Ethereum Argentina - Level Up,CoinGenesis
Ethereum Argentina - Level Up,Consumable
Ethereum Argentina - Level Up,Crypto On The Fly
Ethereum Argentina - Level Up,Enigma Vote
Ethereum Argentina - Level Up,Learning Path
Ethereum Argentina - Level Up,Pepe lending
Ethereum Argentina - Level Up,PhotoLock
Ethereum Argentina - Level Up,simplescan
Ethereum Argentina - Level Up,zkam
Ethereum Argentina - Level Up,ZUP
ETHGlobal Istanbul,Ephemeral ZK L3s
ETHGlobal Istanbul,Footy Stars
ETHGlobal Istanbul,GoldenGate
ETHGlobal Istanbul,Memento
ETHGlobal Istanbul,Prompt to Chain
ETHGlobal Istanbul,SaferBridge
ETHGlobal Istanbul,Stark-Bridge-n-Frog
ETHGlobal Istanbul,Vitalik's Secret
ETHGlobal Istanbul,zkmap
ETHGlobal Istanbul,ZKvote.cc
ETHGlobal New York,Abstract Wallet
ETHGlobal New York,AirTracker
ETHGlobal New York,Captain Hooks
ETHGlobal New York,Correlatzia ðŸ”€
ETHGlobal New York,Soho
ETHGlobal New York,TrueP2P
ETHIndia 2023,Decentra-Law
ETHIndia 2023,EtherHarbor Fund
ETHIndia 2023,Masked-Melon
ETHIndia 2023,Multi Tenant Account
ETHIndia 2023,Pendulum
ETHIndia 2023,SubgraphGen with UCS
ETHIndia 2023,TT911
ETHIndia 2023,VotETH
ETHIndia 2023,ZKFaceRecovery
ETHIndia 2023,zkP2M
ETHKiev,bunnBattle
ETHKiev,KYD
ETHKiev,Smart Posluhy
ETHOnline 2023,Caravan
ETHOnline 2023,ChainGuard
ETHOnline 2023,ClubCast
ETHOnline 2023,gastly
ETHOnline 2023,Kindred
ETHOnline 2023,LitðŸ”¥TornadoðŸŒª
ETHOnline 2023,locker room
ETHOnline 2023,Pindependent
ETHOnline 2023,SCBridgeAccount
ETHOnline 2023,SherLOCKED
ETHOnline 2023,zkEmail Safe
ETHOnline 2023,zkLC
ETHOnline 2023,zkVRF
ETHPrague 2023,AnonAA
ETHPrague 2023,DaoZK
ETHPrague 2023,Discovery Account
ETHPrague 2023,EngageFi is a mobile SDK built on Unity.
ETHPrague 2023,TurtleShell
ETHTaipei 2024,CrossYield
ETHTaipei 2024,ShieldAMM
ETHTaipei 2024,Vote.fi
Permissionless II 2023,Curation Pro
Permissionless II 2023,DeMark
Scaling Ethereum 2023,Fiat Paymaster
Scaling Ethereum 2023,SCALE: Smart Contract Access Logic for EVM
Scaling Ethereum 2023,zk proof of evm execution
Scaling Ethereum 2023,ZKaptcha
Vortex,0xPush
Vortex,BlockRCC
Vortex,ContractWatch
Vortex,Crypto Battlefield
Vortex,DeFi SCROLLer
Vortex,Electron
Vortex,Iris Identity
Vortex,Math City: Life on the Block
Vortex,PayX
Vortex,Pocket
Vortex,Ring DAO
Vortex,Scroll Fighter
Vortex,Web3Agent
Vortex,Wrapped Naira
Vortex,WTF Town
Vortex,ZenetikNFT
Vortex,ZKMaskP2P
Vortex,zkPaper
Vortex,zkSimulatedTrading
zk Hack Istanbul,Tetration Lab
zk Hack Istanbul,ZkAutochess
zk Hack Lisbon 2023,Fruity Friends
zk Hack Lisbon 2023,ZK-Zk-zkEVM
ZK MOOC,GRD
ZK MOOC,SHA256 in Halo2